query,count
iphone,100000
iphone 15,85000
iphone charger,60000
java tutorial,40000
spring boot,35000
react js,32000
consistent hashing,28000
postgresql,25000
redis cache,22000
chatgpt ai,90000
openai models,75000
nike shoes,45000
adidas sneakers,30000
rolex watches,20000
sony camera,18000
mechanical keyboard,15000
gaming monitor,14000
coffee machine,12000
tesla roadster,50000
bitcoin trading,55000
ethereum wallet,38000
stock markets,42000
local weather,60000
flight tickets,70000
hotel bookings,65000
italian restaurants,28000
latest movies,48000
trending songs,52000
scifi books,16000
docker container,22000
kubernetes cluster,19000
python coding,37000
javascript,45000
c++ guide,15000
buy samsung galaxy,32000
how to learn java programming,28000
best macbook pro,35000
latest google pixel,20000
cheap dell laptop,18000
free download ipad,12000
review of noise headphones,10000
tutorial on react js,25000
learn python coding,30000
download chatgpt ai,40000
where to find electric cars,15000
what is consistent hashing,22000
simple coffee machine,8000
easy java programming,12000
advanced kubernetes cluster,10000
guide to spring boot,18000
